,Scene,Figure,Ground,ground_lightsource,ground_container,support,ground_verticality,shortest_distance,contact_proportion,above_proportion,below_proportion,bbox_overlap_proportion,horizontal_distance,f_covers_g,g_covers_f,location_control,selection_ratio,selected_atleast_once
26,compsvi14a,pear,bowl,-0.12166736738870315,1.672698320953217,1.6837178985981087,-0.3832424471159501,-0.6000361548136733,0.8127336842341327,1.2614104688948409,-0.7484621051199398,0.6902591696422785,-0.879601164368355,0.19630060269916808,0.956182433407838,1.4842107704072658,0.14285714285714285,1
45,compsvi34,pencil (1),mug,-0.12166736738870315,1.672698320953217,1.5698253701654223,-0.3832424471159501,-0.5758579264481054,-0.2374838008408223,0.8749312375461991,-0.7484621051199398,-0.3402950171975617,-0.9340049645986672,0.7994973843759052,0.6983641366581603,1.843259548953181,0.3333333333333333,1
