,support,shortest_distance,contact_proportion,above_proportion,below_proportion,bbox_overlap_proportion,horizontal_distance,f_covers_g,g_covers_f,location_control
values,-0.19104628392466327,-0.4916659152336591,0.24901823932309647,-0.9059561524155021,-0.6462851415886858,3.8054972820691066,-0.10418847969453553,-0.5665202555739878,1.177605932757305,0.1765953198004514
