,above-canon,above-near1,above-near2,above-far1
Number,11.0,1.0,31.0,4.0
Rank,0.18130952380952378,0.02564102564102564,0.49601139601139593,0.01417910447761194
