,on top of-canon,on top of-near1,on top of-near2,on top of-far1
Number,8.0,35.0,8.0,5.0
Rank,0.8208333333333333,0.5371031746031746,0.12366946778711485,0.01937229437229437
