,Distinct Prototype,Shared Prototype,Baseline Model,KMeans Model
in,0.8988095238095237,0.9059523809523811,0.910952380952381,0.8082142857142858
on,0.9403257649213532,0.9504219187675071,0.9327135854341737,0.9442576432282316
under,0.89450015344133,0.7593557161792455,0.7993448936684231,0.8547369395310571
over,0.7912890377596261,0.7299036176242059,0.7856597569097569,0.6472337466455114
Average,0.8812311199829583,0.8364084083808349,0.8571676542411837,0.8136106537797714
Overall,0.8882775677664579,0.8400823837278354,0.862769129956791,0.8499953307036858
