,support,shortest_distance,contact_proportion,above_proportion,below_proportion,bbox_overlap_proportion,horizontal_distance,f_covers_g,g_covers_f,location_control
values,2.3500080000071755e-05,0.4857133866666667,0.0011494253333333426,-1.6653345369377348e-16,0.9098265066666666,0.0013029843626666537,0.7880833526666666,0.6931746066666666,0.272844896,0.006670101554133279
