,inside-canon,inside-far1
Number,7.0,7.0
Rank,0.16022727272727275,0.03663003663003664
