,Scene,Figure,Ground,ground_lightsource,ground_container,support,ground_verticality,shortest_distance,contact_proportion,above_proportion,below_proportion,bbox_overlap_proportion,horizontal_distance,f_covers_g,g_covers_f,location_control,selection_ratio,selected_atleast_once
1,compsva12,pear,book,-0.12166736738870315,-0.5968659206925575,1.6837178985981087,-0.3832424471159501,-0.602573893987224,2.484570446603517,1.2428633263776436,-0.7484621051199398,0.8867377279507779,-0.6065703577967764,-0.2855786805286381,1.3275944330716278,-0.6759038050766987,1.0,1
56,compsvo12,book (1),table,-0.12166736738870315,-0.5968659206925575,1.68169261643639,-0.3832424471159501,-0.6025681229689394,2.366598040816922,1.3039272737982808,-0.7484621051199398,-0.35607057385824503,-0.31877103246676425,-0.686579165512615,1.5240177774945138,0.8258756388918188,1.0,1
63,compsvo14,book,table,-0.12166736738870315,-0.5968659206925575,1.6837178985981087,-0.3832424471159501,-0.602573893987224,2.4126827937834525,1.2261952485551593,-0.7484621051199398,-0.2484028579689862,-0.01905514123545522,-0.7228496463458222,1.5240177774945138,1.141528981505572,1.0,1
69,compsvo16,book,table,-0.12166736738870315,-0.5968659206925575,1.6837178985981087,-0.3832424471159501,-0.602573893987224,2.366598040816922,1.2825381374108198,-0.7484621051199398,-0.3269864724984155,-0.2429017859543049,-0.6865581739076348,1.5240177774945138,1.3435526430308606,1.0,1
71,compsvo16a,book,table,-0.12166736738870315,-0.5968659206925575,1.6837178985981087,-0.3832424471159501,-0.602573893987224,2.366598040816922,1.2825381374108198,-0.7484621051199398,-0.3269864724984155,-0.2429017859543049,-0.6865581739076348,1.5240177774945138,1.3494119250754073,1.0,1
75,compsvo18,book,table,-0.12166736738870315,-0.5968659206925575,1.6837178985981087,-0.3832424471159501,-0.602573893987224,2.366598040816922,1.2256736434374955,-0.7484621051199398,-0.33336929746134764,-0.24293125416928102,-0.6866494669038057,1.5240177774945138,1.3493241914477772,1.0,1
77,compsvo19,book,table,-0.12166736738870315,-0.5968659206925575,1.6837178985981087,-0.3832424471159501,-0.602573893987224,2.366598040816922,1.2256736434374955,-0.7484621051199398,-0.33336929746134764,-0.24293125416928102,-0.6866494669038057,1.5240177774945138,1.3450310705310375,1.0,1
