,Scene,Figure,Ground,ground_lightsource,ground_container,support,ground_verticality,shortest_distance,contact_proportion,above_proportion,below_proportion,bbox_overlap_proportion,horizontal_distance,f_covers_g,g_covers_f,location_control,selection_ratio,selected_atleast_once
25,compsvi14a,cube,bowl,-0.12166736738870315,1.672698320953217,1.6837178985981087,-0.3832424471159501,-0.602573893987224,2.1742359845997994,0.20289826438651715,-0.7484621051199398,2.0920581239121403,-0.9351395859340044,-0.4071012749114162,1.5240177774945138,1.082308431920464,0.42857142857142855,1
53,compsvinew1,cube,plate,-0.12166736738870315,-0.5968659206925575,1.6837088819309505,-0.3832424471159501,-0.6025087611129639,3.0488156862434708,0.20289826438651715,-0.7484621051199398,0.4929639926289056,-0.860277030680383,-0.7879293818228151,1.5240177774945138,1.1138850755430465,1.0,1
137,compsvinew2,mug,shelf,-0.12166736738870315,-0.5968659206925575,1.6837178985981087,-0.3832424471159501,-0.602573893987224,2.092075168772348,-0.9059561524155018,-0.7484621051199398,3.938588212351634,-0.3893656586160204,-0.5404594230137074,1.2298727322621572,1.117380118411612,1.0,1
