,Scene,Figure,Ground,ground_lightsource,ground_container,support,ground_verticality,shortest_distance,contact_proportion,above_proportion,below_proportion,bbox_overlap_proportion,horizontal_distance,f_covers_g,g_covers_f,location_control,selection_ratio,selected_atleast_once
19,compsvi12,cube,cup,-0.12166736738870315,1.672698320953217,0.2885502622643729,-0.3832424471159501,-0.602573893987224,3.0488156862434708,-0.9059561524155018,-0.7484621051199398,1.9493280575188368,-0.8112137835678139,-0.5305979477831989,0.2549208221275996,1.843259548953181,1.0,1
36,compsvi24a,cube,cup,-0.12166736738870315,1.672698320953217,0.3039003289133649,-0.3832424471159501,-0.599122666349585,3.923395387887143,-0.9059561524155018,-0.7484621051199398,2.533492918909162,-0.8273806166562419,-0.5912540459438896,0.541224405353853,1.7367123222135787,1.0,1
59,compsvo12v,clock,board,-0.12166736738870315,-0.5968659206925575,1.6278591831590172,2.6050784063451293,-0.602573893987224,6.368591495550767,-0.9059561524155018,-0.7484621051199398,3.7254551365956585,-0.7562662282300625,-0.8314620421571188,1.1254145245426093,1.6002374004166549,0.5,1
79,compsvo23v,clock,board,-0.12166736738870315,-0.5968659206925575,1.62808668060732,2.6050784063451293,-0.602573893987224,6.368591495550767,-0.9059561524155018,-0.7484621051199398,3.7254551365956585,-0.7562662282300625,-0.8314620421571188,1.1254145245426093,1.7232180957153025,0.6666666666666666,1
83,compsvo24v,clock,board,-0.12166736738870315,-0.5968659206925575,1.62808668060732,2.6050784063451293,-0.602573893987224,6.368591495550767,-0.9059561524155018,-0.7484621051199398,3.7254551365956585,-0.7562662282300625,-0.8314620421571188,1.1254145245426093,1.7269097281238188,0.25,1
