,Scene,Figure,Ground,ground_lightsource,ground_container,support,ground_verticality,shortest_distance,contact_proportion,above_proportion,below_proportion,bbox_overlap_proportion,horizontal_distance,f_covers_g,g_covers_f,location_control,selection_ratio,selected_atleast_once
123,compsvu53,box,book,-0.12166736738870315,-0.5968659206925575,-0.6282480394372745,-0.3832424471159501,0.8277587935675917,-0.4495031203312162,-0.9059561524155018,1.6343840719040237,-0.3570435486078057,1.1296360309890146,0.5199981406610299,0.5912981869226291,-0.8052968096737295,0.14285714285714285,1
124,compsvu53,table,book,-0.12166736738870315,-0.5968659206925575,-0.6282480394372745,-0.3832424471159501,-0.4746133759004523,-0.4495031203312162,-0.9059561524155018,1.173550676083062,-0.35695286515686364,-0.2429605322667411,1.536002907966404,-0.6888498550641714,-0.8047318709080369,0.14285714285714285,1
