,Distinct Prototype,Shared Prototype,Baseline Model
in,0.7889277389277389,0.7291958041958042,0.7960664335664336
against,0.7963203463203463,0.7665644540644541,0.8587181337181338
on,0.8840644409937888,0.9373317805383022,0.8705637508626639
under,0.7557960170369518,0.6781052146886152,0.7290074248877633
over,0.8321508241221087,0.7522364675620155,0.8211638518789375
Average,0.8114518734801869,0.7726867442098383,0.8151039189827864
Overall,0.8129546718040515,0.7919765190741387,0.8167546518978898
