,Baseline Model,Shared Prototype
p_value,0.0176001001088524,0.00020438858371340753
Our model wins,61.0,68.0
Other model wins,27.0,23.0
