,support,shortest_distance,contact_proportion,above_proportion,below_proportion,bbox_overlap_proportion,horizontal_distance,f_covers_g,g_covers_f,location_control
109,-0.6282480394372745,1.0518123561030994,-0.4495031203312162,-0.9059561524155018,1.6343840719040237,-0.3570435486078057,0.3450187611510743,1.536002907966404,-0.6440917833131616,-0.8052897331786458
111,-0.6282480394372745,1.0518123561030994,-0.4495031203312162,-0.9059561524155018,1.6343840719040237,-0.3570435486078057,0.3450187611510743,1.536002907966404,-0.6440917833131616,-0.8052886531075027
114,-0.6282480394372745,-0.602573893987224,-0.3288714325206148,-0.9059561524155018,1.2235485077078494,-0.32415837700788863,1.1242766182136863,1.2303914090875443,0.7681593871297393,-0.5447078918004704
118,-0.6282480394372745,-0.12833103907127433,-0.4495031203312162,-0.9059561524155018,1.173550676083062,-0.35643824712810274,0.10309365172067092,1.536002907966404,-0.7249718329325295,-0.8032106468780879
120,-0.6282480394372745,0.8754864119592612,-0.4495031203312162,-0.9059561524155018,1.6343840719040237,-0.3570435486078057,-0.4385500105862653,1.536002907966404,-0.6440917593184798,-0.8052890873293671
121,-0.6282480394372745,-0.1586613994582855,-0.4495031203312162,-0.9059561524155018,0.20467636568964565,-0.2950282120864859,-0.8626692603721415,1.536002907966404,0.19592005914893806,-0.8048276390157506
122,-0.6282480394372745,-0.4374760717236588,-0.4495031203312162,-0.9059561524155018,1.6343840719040237,-0.3570435486078057,0.0563416632498069,1.536002907966404,-0.6891015832707381,-0.8050303876550033
124,-0.6282480394372745,-0.4746133759004523,-0.4495031203312162,-0.9059561524155018,1.173550676083062,-0.35695286515686364,-0.2429605322667411,1.536002907966404,-0.6888498550641714,-0.8047318709080369
128,-0.6282480394372745,-0.5414654393217744,-0.4495031203312162,-0.9059561524155018,1.173550676083062,-0.35695286515686364,-0.2664936586291263,1.536002907966404,-0.6888498790588531,-0.8047241167120637
