,support,shortest_distance,contact_proportion,above_proportion,below_proportion,bbox_overlap_proportion,horizontal_distance,f_covers_g,g_covers_f,location_control
values,1.6279729318831686,-0.602573893987224,6.368591495550767,-0.9059561524155018,-0.7484621051199398,3.7254551365956585,-0.7562662282300625,-0.8314620421571188,1.1254145245426093,1.6617277480659787
