,Distinct Prototype,Shared Prototype,Baseline Model,KMeans Model,Refined Distinct Model,Refined Shared Model,Median Distinct Model,Median Shared Model
in,0.864406779661017,0.864406779661017,0.8135593220338984,0.8135593220338984,0.864406779661017,0.8813559322033898,0.8813559322033898,0.8813559322033898
on,0.9512195121951219,0.9512195121951219,0.9451219512195121,0.9573170731707317,0.9451219512195121,0.9207317073170732,0.9329268292682927,0.9390243902439024
under,0.9078014184397163,0.75177304964539,0.8085106382978723,0.8936170212765957,0.9148936170212766,0.8794326241134752,0.9219858156028369,0.8794326241134752
over,0.8235294117647058,0.7647058823529411,0.8,0.8117647058823529,0.9294117647058824,0.8,0.6470588235294118,0.6823529411764706
Average,0.8867392805151402,0.8330263059636175,0.8417979778878206,0.8690645305908946,0.9134585281519221,0.8703800659084846,0.8458318501509828,0.8455414719343095
Overall,0.9020044543429844,0.8418708240534521,0.8574610244988864,0.89086859688196,0.9220489977728286,0.8797327394209354,0.8685968819599109,0.8641425389755011
