,Distinct Prototype,Shared Prototype,Baseline Model
in,0.864406779661017,0.864406779661017,0.8135593220338984
on,0.9512195121951219,0.9512195121951219,0.9451219512195121
under,0.9078014184397163,0.75177304964539,0.8085106382978723
over,0.8235294117647058,0.7647058823529411,0.8
Average,0.8867392805151402,0.8330263059636175,0.8417979778878206
Overall,0.9020044543429844,0.8418708240534521,0.8574610244988864
