,support,shortest_distance,contact_proportion,above_proportion,below_proportion,bbox_overlap_proportion,horizontal_distance,f_covers_g,g_covers_f,location_control
values,-0.6281849184550551,0.4207588906747432,-0.35660706446666574,-0.9059561524155021,0.8167622797364125,-0.20757972808331845,0.5926980269477355,0.2736708934093545,-0.35794933310040783,-0.5367581744065356
